<?xml version="1.0" encoding="UTF-8" standalone="yes"?>
<addon id="plugin.video.vipsecret"
       name="[COLOR gold][B]SECRET[/B][/COLOR][COLOR white][B]TV[/B][/COLOR][COLOR blue][B]VIP[/B][/COLOR]"
       version="0.0.7"
       provider-name="Team VipSecret">
  <requires>
    <import addon="xbmc.python" version="2.1.0"/>
    <import addon="script.module.beautifulsoup" version="3.2.1"/>
    <import addon="script.module.simple.downloader" version="0.9.4"/>
    <import addon="script.module.beautifulsoup4" />
    <import addon="script.module.requests" />
    <import addon="script.module.httplib2" />
    <import addon="script.module.liveresolver" version="0.1.24" optional="true"/>
    <import addon="script.module.youtube.dl" optional="true"/>
    <import addon="plugin.video.youtube" optional="true" />
	<import addon="plugin.video.SportsDevil" optional="true" />
    <import addon="script.module.urlresolver" optional="true"/>
    <import addon="script.module.simplejson" />    
     <import addon="script.module.livestreamer" optional="true"/>
     <import addon="script.module.pyamf" optional="true"/>
  </requires>
  <extension point="xbmc.python.pluginsource" library="default.py">
    <provides>video</provides>
  </extension>
  
  	
  <extension point="xbmc.addon.metadata">
    <summary>SECRET TV VIP</summary>
    <description>
        Todos os links disponibilizados no Addon estao disponiveis 
em procura livre na internet.
             
    </description>
    <platform>all</platform>
  <assets>
            <icon>icon.png</icon>
            <fanart>fanart.gif</fanart>
        </assets>
  </extension>
</addon>