﻿<?xml version="1.0" encoding="UTF-8" standalone="yes"?>
<addon id="repositorio.acebox" name="AceBox Repo" version="1.0" provider-name="MikeAngel">
	<extension point="xbmc.addon.repository" name="Repositorio AceBox">
		<info compressed="false">http://aceboxstreams.info/building/addons.xml</info>
		<checksum>http://aceboxstreams.info/building/addons.xml.md5</checksum>
		<datadir zip="true">https://raw.githubusercontent.com/AceBoxPT/repository/master/repo/plugins/</datadir>
	</extension>
	<extension point="xbmc.addon.metadata">
		<summary>AceBox Repo</summary>
		<description>Repositorio AceBox</description>
		<disclaimer>www.acebox.pt</disclaimer>
		<platform>all</platform>
	</extension>
</addon>

