<?xml version="1.0" encoding="UTF-8" standalone="yes"?>
<addon id="script.module.theonem" name="[COLOR blue]The[/COLOR]One MOVIES SCRIPT" version="2.0" provider-name="RSIPTV">
  <requires>
    <import addon="xbmc.python" version="2.1.0"/>
    <import addon="script.module.beautifulsoup" version="3.2.1"/>
    <import addon="script.module.urlresolver" version="4.0.07"/>
    <import addon="script.module.requests" version="2.9.1"/>
    <import addon="script.module.futures" version="2.2.0"/>
    <import addon="script.module.pair" />
     </requires>
  <extension point="xbmc.python.pluginsource" library="t.py">
    <provides>all</provides>
  </extension>
  <extension point="xbmc.addon.metadata">
    <summary lang="en">[COLOR blue]The[/COLOR]One MOVIES SCRIPT  #####Credits to Biglad#####</summary>
    <description lang="en">[COLOR blue]The[/COLOR]One MOVIES SCRIPT  #####Credits to Biglad#####</description>
	    <platform>all</platform>
  </extension>
</addon>