<?xml version="1.0" encoding="UTF-8" standalone="yes"?>
<addon id="teamtuga4ever.repository" name="Teamtuga4ever Repository" version="2.0" provider-name="Teamtuga4ever">
	<extension point="xbmc.addon.repository" name="Vip Secrettv">
		<info compressed="false">http://logan.amerikanotuga.tech/repo/addons.xml</info>
		<checksum>http://logan.amerikanotuga.tech/repo/addons.xml.md5</checksum>
		<datadir zip="true">http://logan.amerikanotuga.tech/repo/zip/</datadir>
	</extension>
	<extension point="xbmc.addon.metadata">
		<summary>Teamtuga4ever</summary>
		<description>
Teamtuga4ever Repository
		 </description> 
		
		<platform>all</platform>
	</extension>
</addon>