<?xml version="1.0" encoding="UTF-8" standalone="yes"?>
<addon id="plugin.program.vipwizard" name="Vip Secret Wizard" version="0.0.1" provider-name="Team Vip Secret">
  <requires>
    <import addon="xbmc.python" version="2.1.0"/>
  </requires>
  <extension point="xbmc.python.pluginsource" library="default.py">
        <provides>program executable</provides>
  </extension>
  <extension point="xbmc.addon.metadata">
		<summary lang="en">Vip Secret</summary>
		<description lang="en">Easy Install of Vip Secret</description>
		<disclaimer lang="en">Note: we are not responsible or have any influence to the content and their availability from Kodi Add-ons</disclaimer>
		<platform>all</platform>
		<facebook></facebook>
		<website></website>
	</extension>
</addon>
