<?xml version="1.0" encoding="UTF-8" standalone="yes"?>
<addon id="plugin.video.piranha" version="0.0.2" name="[COLOR gold][B]Piranha[/B][/COLOR]" provider-name="VipSecret">
	<requires>
		<import addon="xbmc.python" version="2.19.0" />
 		<import addon="script.module.piranha" />
		<import addon="script.piranha.artwork" version="1.0.0" />
		<import addon="script.piranha.metadata" version="1.0.0" />
		<import addon="script.module.urlresolver" version="3.0.0" />
		<import addon="script.module.requests" />
		<import addon="script.module.metahandler" version="1.0.0" />
	</requires>
	<extension point="xbmc.python.pluginsource" library="piranha.py">
		<provides>video</provides>
	</extension>
<extension point="xbmc.service" library="service.py" start="startup" />
	<extension point="xbmc.addon.metadata">
		<summary lang="pt">Obrigado por instalar o Piranha.</summary>
		<description lang="pt">Atenção, esse addon não é oficial Kodi media center</description>
		<disclaimer lang="pt">[COLOR yellow]O autor não possui host, Os links são adquiridos através de uma pesquisa gratuita na Internet.[/COLOR]</disclaimer>
		<platform>all</platform>
		<forum></forum>
		<website></website>
		<source></source>
		<news>Piranha, e um Fork. [CR]Todos os Credits para Lambda/Viper do Exodus. [CR]Lembre-se deste Addon não possui host, todos os links são adquiridos através de uma pesquisa gratuita na Internet.[CR]</news>
	</extension>
</addon>